,Sno,Cluster
0,0001img,0
1,0002img,0
2,0003img,0
3,0004img,0
4,0005img,0
5,0006img,0
6,0007img,0
7,0008img,0
8,0009img,0
9,0010img,1
10,0011img,0
11,0012img,0
12,0013img,0
13,0014img,1
14,0015img,1
15,0016img,1
16,0017img,1
17,0018img,1
18,0019img,0
19,0020img,1
20,0021img,1
21,0022img,1
22,0023img,1
23,0024img,1
24,0025img,1
25,0026img,0
26,0027img,0
27,0028img,0
28,0029img,0
29,0030img,0
30,0031img,1
31,0032img,1
32,0033img,0
33,0034img,0
34,0035img,0
35,0036img,0
36,0037img,0
37,0038img,0
38,0039img,0
39,0040img,0
40,0041img,0
41,0042img,0
42,0043img,0
43,0044img,1
44,0045img,0
45,0046img,1
46,0047img,1
47,0048img,0
48,0049img,0
49,0050img,0
50,0051img,0
51,0052img,0
52,0053img,1
53,0054img,0
54,0055img,0
55,0056img,0
56,0057img,1
57,0058img,0
58,0059img,0
59,0060img,0
60,0061img,1
61,0062img,0
62,0063img,1
63,0064img,1
64,0065img,0
65,0066img,0
66,0067img,0
67,0068img,1
68,0069img,0
69,0070img,0
70,0071img,0
71,0072img,1
72,0073img,1
73,0074img,1
74,0075img,1
75,0076img,1
76,0077img,1
77,0078img,0
78,0079img,1
79,0080img,0
80,0081img,1
81,0082img,0
82,0083img,0
83,0084img,0
84,0085img,0
85,0086img,0
86,0087img,0
87,0088img,0
88,0089img,0
89,0090img,0
90,0091img,1
91,0092img,0
92,0093img,0
93,0094img,0
94,0095img,0
95,0096img,1
96,0097img,1
97,0098img,1
98,0099img,1
99,0100img,0
100,0101img,1
101,0102img,1
102,0103img,0
103,0104img,0
104,0105img,1
105,0106img,0
106,0107img,0
107,0108img,0
108,0109img,0
109,0110img,0
110,0111img,0
111,0112img,0
112,0113img,0
113,0114img,0
114,0115img,1
115,0116img,0
116,0117img,0
117,0118img,1
118,0119img,1
119,0120img,1
120,0121img,1
121,0122img,0
122,0123img,0
123,0124img,1
124,0125img,0
125,0126img,0
126,0127img,0
127,0128img,0
128,0129img,0
129,0130img,0
130,0131img,0
131,0132img,0
132,0133img,0
133,0134img,0
134,0135img,0
135,0136img,0
136,0137img,0
137,0138img,0
138,0139img,0
139,0140img,0
140,0141img,0
141,0142img,0
142,0143img,0
143,0144img,1
144,0145img,0
145,0146img,0
146,0147img,0
147,0148img,1
148,0149img,1
149,0150img,0
150,0151img,0
151,0152img,1
152,0153img,1
153,0154img,1
154,0155img,1
155,0156img,1
156,0157img,1
157,0158img,1
158,0159img,0
159,0160img,1
160,0161img,1
161,0162img,0
162,0163img,0
163,0164img,0
164,0165img,0
165,0166img,0
166,0167img,1
167,0168img,1
168,0169img,1
169,0170img,0
170,0171img,0
171,0172img,1
172,0173img,1
173,0174img,1
174,0175img,1
175,0176img,0
176,0177img,1
177,0178img,0
178,0179img,0
179,0180img,0
180,0181img,0
181,0182img,0
182,0183img,0
183,0184img,0
184,0185img,0
185,0186img,0
186,0187img,0
187,0188img,0
188,0189img,0
189,0190img,0
190,0191img,0
191,0192img,0
192,0193img,0
193,0194img,0
194,0195img,0
195,0196img,0
196,0197img,0
197,0198img,0
198,0199img,1
199,0200img,1
200,0201img,1
201,0202img,1
202,0203img,1
203,0204img,1
204,0205img,1
205,0206img,1
206,0207img,1
207,0208img,0
208,0209img,1
209,0210img,1
210,0211img,1
211,0212img,1
212,0213img,1
213,0214img,1
214,0215img,1
215,0216img,1
216,0217img,1
217,0218img,1
218,0219img,0
219,0220img,1
220,0221img,0
221,0222img,1
222,0223img,0
223,0224img,1
224,0225img,0
225,0226img,1
226,0227img,1
227,0228img,0
228,0229img,1
229,0230img,1
230,0231img,1
231,0232img,0
232,0233img,1
233,0234img,1
234,0235img,0
235,0236img,0
236,0237img,0
237,0238img,0
238,0239img,0
239,0240img,0
240,0241img,0
241,0242img,0
242,0243img,0
243,0244img,0
244,0245img,0
245,0246img,0
246,0247img,0
247,0248img,0
248,0249img,0
249,0250img,0
250,0251img,0
251,0252img,0
252,0253img,0
253,0254img,0
254,0255img,1
255,0256img,0
256,0257img,1
257,0258img,1
258,0259img,1
259,0260img,1
260,0261img,0
261,0262img,0
262,0263img,0
263,0264img,0
264,0265img,1
265,0266img,0
266,0267img,1
267,0268img,1
268,0269img,1
269,0270img,1
270,0271img,1
271,0272img,1
272,0273img,0
273,0274img,1
274,0275img,1
275,0276img,0
276,0277img,1
277,0278img,1
278,0279img,0
279,0280img,1
280,0281img,1
281,0282img,0
282,0283img,1
283,0284img,0
284,0285img,1
285,0286img,0
286,0287img,1
287,0288img,1
288,0289img,1
289,0290img,1
290,0291img,0
291,0292img,0
292,0293img,0
293,0294img,0
294,0295img,0
295,0296img,0
296,0297img,0
297,0298img,0
298,0299img,0
299,0300img,0
300,0301img,0
301,0302img,0
302,0303img,0
303,0304img,0
304,0305img,0
305,0306img,0
306,0307img,0
307,0308img,0
308,0309img,0
309,0310img,0
310,0311img,0
311,0312img,1
312,0313img,1
313,0314img,1
314,0315img,1
315,0316img,1
316,0317img,1
317,0318img,0
318,0319img,0
319,0320img,1
320,0321img,1
321,0322img,1
322,0323img,0
323,0324img,1
324,0325img,1
325,0326img,1
326,0327img,1
327,0328img,0
328,0329img,1
329,0330img,0
330,0331img,1
331,0332img,1
332,0333img,0
333,0334img,0
334,0335img,0
335,0336img,0
336,0337img,0
337,0338img,1
338,0339img,1
339,0340img,1
340,0341img,0
341,0342img,1
342,0343img,1
343,0344img,1
344,0345img,1
345,0346img,0
346,0347img,0
347,0348img,0
348,0349img,0
349,0350img,0
350,0351img,0
351,0352img,0
352,0353img,1
353,0354img,0
354,0355img,0
355,0356img,0
356,0357img,0
357,0358img,0
358,0359img,0
359,0360img,0
360,0361img,0
361,0362img,0
362,0363img,0
363,0364img,0
364,0365img,0
365,0366img,0
366,0367img,1
367,0368img,1
368,0369img,1
369,0370img,1
370,0371img,1
371,0372img,1
372,0373img,1
373,0374img,1
374,0375img,1
375,0376img,1
376,0377img,1
377,0378img,0
378,0379img,1
379,0380img,1
380,0381img,1
381,0382img,1
382,0383img,1
383,0384img,0
384,0385img,1
385,0386img,1
386,0387img,1
387,0388img,1
388,0389img,1
389,0390img,0
390,0391img,0
391,0392img,0
392,0393img,0
393,0394img,0
394,0395img,0
395,0396img,1
396,0397img,1
397,0398img,1
398,0399img,0
399,0400img,1
400,0401img,1
401,0402img,1
402,0403img,0
403,0404img,0
404,0405img,0
405,0406img,0
406,0407img,0
407,0408img,0
408,0409img,0
409,0410img,0
410,0411img,0
411,0412img,0
412,0413img,0
413,0414img,0
414,0415img,0
415,0416img,0
416,0417img,0
417,0418img,0
418,0419img,0
419,0420img,0
420,0421img,0
421,0422img,0
422,0423img,1
423,0424img,1
424,0425img,0
425,0426img,1
426,0427img,1
427,0428img,1
428,0429img,1
429,0430img,1
430,0431img,1
431,0432img,1
432,0433img,1
433,0434img,1
434,0435img,1
435,0436img,1
436,0437img,1
437,0438img,0
438,0439img,1
439,0440img,1
440,0441img,0
441,0442img,0
442,0443img,0
443,0444img,1
444,0445img,1
445,0446img,1
446,0447img,0
447,0448img,0
448,0449img,0
449,0450img,0
450,0451img,0
451,0452img,0
452,0453img,1
453,0454img,1
454,0455img,1
455,0456img,1
456,0457img,1
457,0458img,0
458,0459img,0
459,0460img,0
460,0461img,0
461,0462img,0
462,0463img,0
463,0464img,0
464,0465img,0
465,0466img,0
466,0467img,0
467,0468img,0
468,0469img,0
469,0470img,0
470,0471img,0
471,0472img,0
472,0473img,0
473,0474img,0
474,0475img,0
475,0476img,0
476,0477img,0
477,0478img,0
478,0479img,0
479,0480img,0
480,0481img,1
481,0482img,0
482,0483img,1
483,0484img,1
484,0485img,1
485,0486img,1
486,0487img,1
487,0488img,1
488,0489img,1
489,0490img,1
490,0491img,1
491,0492img,1
492,0493img,1
493,0494img,0
494,0495img,1
495,0496img,1
496,0497img,1
497,0498img,1
498,0499img,1
499,0500img,1
500,0501img,0
501,0502img,1
502,0503img,1
503,0504img,1
504,0505img,0
505,0506img,0
506,0507img,1
507,0508img,0
508,0509img,0
509,0510img,0
510,0511img,1
511,0512img,1
512,0513img,0
513,0514img,1
514,0515img,0
515,0516img,0
516,0517img,0
517,0518img,0
518,0519img,0
519,0520img,0
520,0521img,0
521,0522img,0
522,0523img,0
523,0524img,0
524,0525img,0
525,0526img,0
526,0527img,0
527,0528img,0
528,0529img,0
529,0530img,0
530,0531img,0
531,0532img,0
532,0533img,0
533,0534img,0
534,0535img,0
535,0536img,1
536,0537img,1
537,0538img,0
538,0539img,0
539,0540img,0
540,0541img,1
541,0542img,1
542,0543img,1
543,0544img,1
544,0545img,1
545,0546img,1
546,0547img,0
547,0548img,1
548,0549img,1
549,0550img,1
550,0551img,1
551,0552img,1
552,0553img,1
553,0554img,1
554,0555img,1
555,0556img,1
556,0557img,1
557,0558img,1
558,0559img,1
559,0560img,1
560,0561img,0
561,0562img,0
562,0563img,1
563,0564img,0
564,0565img,0
565,0566img,0
566,0567img,0
567,0568img,0
568,0569img,0
569,0570img,0
570,0571img,0
571,0572img,0
572,0573img,0
573,0574img,0
574,0575img,0
575,0576img,0
576,0577img,0
577,0578img,0
578,0579img,0
579,0580img,0
580,0581img,0
581,0582img,0
582,0583img,0
583,0584img,0
584,0585img,0
585,0586img,0
586,0587img,0
587,0588img,0
588,0589img,0
589,0590img,0
590,0591img,0
591,0592img,1
592,0593img,1
593,0594img,1
594,0595img,0
595,0596img,1
596,0597img,1
597,0598img,1
598,0599img,1
599,0600img,0
600,0601img,1
601,0602img,0
602,0603img,1
603,0604img,0
604,0605img,0
605,0606img,1
606,0607img,1
607,0608img,1
608,0609img,0
609,0610img,1
610,0611img,1
611,0612img,1
612,0613img,1
613,0614img,1
614,0615img,1
615,0616img,1
616,0617img,1
617,0618img,1
618,0619img,0
619,0620img,0
620,0621img,0
621,0622img,0
622,0623img,0
623,0624img,0
624,0625img,0
625,0626img,0
626,0627img,0
627,0628img,0
628,0629img,0
629,0630img,0
630,0631img,0
631,0632img,0
632,0633img,0
633,0634img,0
634,0635img,0
635,0636img,0
636,0637img,0
637,0638img,0
638,0639img,0
639,0640img,0
640,0641img,0
641,0642img,0
642,0643img,0
643,0644img,0
644,0645img,0
645,0646img,0
646,0647img,0
647,0648img,0
648,0649img,1
649,0650img,1
650,0651img,0
651,0652img,0
652,0653img,1
653,0654img,1
654,0655img,1
655,0656img,1
656,0657img,1
657,0658img,1
658,0659img,0
659,0660img,1
660,0661img,0
661,0662img,1
662,0663img,1
663,0664img,1
664,0665img,1
665,0666img,0
666,0667img,1
667,0668img,1
668,0669img,1
669,0670img,1
670,0671img,1
671,0672img,1
672,0673img,1
673,0674img,1
674,0675img,0
675,0676img,0
676,0677img,0
677,0678img,0
678,0679img,0
679,0680img,0
680,0681img,0
681,0682img,0
682,0683img,0
683,0684img,0
684,0685img,0
685,0686img,0
686,0687img,0
687,0688img,0
688,0689img,0
689,0690img,0
690,0691img,0
691,0692img,0
692,0693img,0
693,0694img,0
694,0695img,0
695,0696img,0
696,0697img,0
697,0698img,0
698,0699img,0
699,0700img,0
700,0701img,0
701,0702img,0
702,0703img,0
703,0704img,1
704,0705img,0
705,0706img,0
706,0707img,0
707,0708img,1
708,0709img,1
709,0710img,1
710,0711img,0
711,0712img,1
712,0713img,1
713,0714img,0
714,0715img,1
715,0716img,1
716,0717img,1
717,0718img,1
718,0719img,0
719,0720img,1
720,0721img,1
721,0722img,1
722,0723img,1
723,0724img,1
724,0725img,1
725,0726img,1
726,0727img,0
727,0728img,1
728,0729img,1
729,0730img,1
730,0731img,0
731,0732img,0
732,0733img,0
733,0734img,0
734,0735img,0
735,0736img,0
736,0737img,0
737,0738img,0
738,0739img,0
739,0740img,0
740,0741img,0
741,0742img,0
742,0743img,0
743,0744img,0
744,0745img,0
745,0746img,0
746,0747img,0
747,0748img,0
748,0749img,0
749,0750img,0
750,0751img,0
751,0752img,0
752,0753img,0
753,0754img,0
754,0755img,0
755,0756img,0
756,0757img,0
757,0758img,0
758,0759img,0
759,0760img,0
760,0761img,1
761,0762img,1
762,0763img,0
763,0764img,0
764,0765img,1
765,0766img,1
766,0767img,0
767,0768img,1
768,0769img,1
769,0770img,1
770,0771img,1
771,0772img,1
772,0773img,1
773,0774img,1
774,0775img,1
775,0776img,1
776,0777img,1
777,0778img,1
778,0779img,1
779,0780img,1
780,0781img,1
781,0782img,1
782,0783img,1
783,0784img,1
784,0785img,0
785,0786img,0
786,0787img,0
787,0788img,0
788,0789img,0
789,0790img,0
790,0791img,0
791,0792img,0
792,0793img,0
793,0794img,0
794,0795img,0
795,0796img,0
796,0797img,0
797,0798img,0
798,0799img,0
799,0800img,0
800,0801img,0
801,0802img,0
802,0803img,0
803,0804img,0
804,0805img,0
805,0806img,0
806,0807img,0
807,0808img,0
808,0809img,0
809,0810img,0
810,0811img,0
811,0812img,0
812,0813img,0
813,0814img,1
814,0815img,0
815,0816img,1
816,0817img,0
817,0818img,0
818,0819img,0
819,0820img,1
820,0821img,1
821,0822img,0
822,0823img,0
823,0824img,1
824,0825img,0
825,0826img,1
826,0827img,1
827,0828img,1
828,0829img,1
829,0830img,0
830,0831img,1
831,0832img,1
832,0833img,1
833,0834img,1
834,0835img,1
835,0836img,1
836,0837img,1
837,0838img,1
838,0839img,1
839,0840img,1
840,0841img,1
841,0842img,1
842,0843img,0
843,0844img,0
844,0845img,0
845,0846img,0
846,0847img,0
847,0848img,0
848,0849img,0
849,0850img,0
850,0851img,0
851,0852img,0
852,0853img,0
853,0854img,0
854,0855img,0
855,0856img,0
856,0857img,0
857,0858img,0
858,0859img,0
859,0860img,0
860,0861img,0
861,0862img,0
862,0863img,0
863,0864img,0
864,0865img,0
865,0866img,0
866,0867img,0
867,0868img,0
868,0869img,0
869,0870img,0
870,0871img,1
871,0872img,0
872,0873img,1
873,0874img,1
874,0875img,0
875,0876img,1
876,0877img,0
877,0878img,0
878,0879img,0
879,0880img,0
880,0881img,1
881,0882img,1
882,0883img,1
883,0884img,0
884,0885img,1
885,0886img,1
886,0887img,1
887,0888img,1
888,0889img,1
889,0890img,0
890,0891img,1
891,0892img,1
892,0893img,1
893,0894img,1
894,0895img,1
895,0896img,1
896,0897img,1
897,0898img,0
898,0899img,1
899,0900img,0
900,0901img,0
901,0902img,0
902,0903img,0
903,0904img,0
904,0905img,0
905,0906img,0
906,0907img,0
907,0908img,0
908,0909img,0
909,0910img,0
910,0911img,0
911,0912img,0
912,0913img,0
913,0914img,0
914,0915img,0
915,0916img,0
916,0917img,0
917,0918img,0
918,0919img,0
919,0920img,0
920,0921img,0
921,0922img,0
922,0923img,0
923,0924img,0
924,0925img,0
925,0926img,1
926,0927img,1
927,0928img,1
928,0929img,0
929,0930img,1
930,0931img,0
931,0932img,0
932,0933img,0
933,0934img,0
934,0935img,1
935,0936img,0
936,0937img,1
937,0938img,1
938,0939img,1
939,0940img,1
940,0941img,1
941,0942img,1
942,0943img,1
943,0944img,1
944,0945img,1
945,0946img,1
946,0947img,0
947,0948img,0
948,0949img,1
949,0950img,1
950,0951img,0
951,0952img,0
952,0953img,0
953,0954img,0
954,0955img,0
955,0956img,0
956,0957img,0
957,0958img,0
958,0959img,0
959,0960img,0
960,0961img,0
961,0962img,0
962,0963img,0
963,0964img,0
964,0965img,0
965,0966img,0
966,0967img,0
967,0968img,0
968,0969img,0
969,0970img,0
970,0971img,0
971,0972img,0
972,0973img,0
973,0974img,0
974,0975img,0
975,0976img,0
976,0977img,0
977,0978img,0
978,0979img,0
979,0980img,0
980,0981img,1
981,0982img,0
982,0983img,1
983,0984img,1
984,0985img,0
985,0986img,0
986,0987img,0
987,0988img,0
988,0989img,0
989,0990img,1
990,0991img,0
991,0992img,1
992,0993img,1
993,0994img,1
994,0995img,1
995,0996img,1
996,0997img,1
997,0998img,0
998,0999img,1
999,1000img,1
1000,1001img,1
1001,1002img,1
1002,1003img,1
1003,1004img,1
1004,1005img,1
1005,1006img,0
1006,1007img,0
1007,1008img,1
1008,1009img,0
1009,1010img,0
1010,1011img,0
1011,1012img,0
1012,1013img,0
1013,1014img,1
1014,1015img,0
1015,1016img,0
1016,1017img,0
1017,1018img,0
1018,1019img,1
1019,1020img,0
1020,1021img,0
1021,1022img,0
1022,1023img,0
1023,1024img,0
1024,1025img,0
1025,1026img,0
1026,1027img,0
1027,1028img,0
1028,1029img,0
1029,1030img,0
1030,1031img,0
1031,1032img,0
1032,1033img,0
1033,1034img,0
1034,1035img,0
1035,1036img,0
1036,1037img,0
1037,1038img,0
1038,1039img,0
1039,1040img,0
1040,1041img,0
1041,1042img,1
1042,1043img,1
1043,1044img,1
1044,1045img,0
1045,1046img,0
1046,1047img,1
1047,1048img,1
1048,1049img,1
1049,1050img,1
1050,1051img,1
1051,1052img,1
1052,1053img,1
1053,1054img,1
1054,1055img,0
1055,1056img,1
1056,1057img,0
1057,1058img,1
1058,1059img,0
1059,1060img,1
1060,1061img,1
1061,1062img,0
1062,1063img,0
1063,1064img,0
1064,1065img,0
1065,1066img,0
1066,1067img,1
1067,1068img,0
1068,1069img,0
1069,1070img,1
1070,1071img,0
1071,1072img,0
1072,1073img,0
1073,1074img,0
1074,1075img,0
1075,1076img,0
1076,1077img,0
1077,1078img,0
1078,1079img,0
1079,1080img,0
1080,1081img,0
1081,1082img,0
1082,1083img,0
1083,1084img,0
1084,1085img,0
1085,1086img,0
1086,1087img,0
1087,1088img,0
1088,1089img,0
1089,1090img,0
1090,1091img,0
1091,1092img,0
1092,1093img,0
1093,1094img,0
1094,1095img,0
1095,1096img,1
1096,1097img,1
1097,1098img,1
1098,1099img,1
1099,1100img,0
1100,1101img,1
1101,1102img,1
1102,1103img,1
1103,1104img,1
1104,1105img,1
1105,1106img,1
1106,1107img,0
1107,1108img,1
1108,1109img,1
1109,1110img,0
1110,1111img,1
1111,1112img,0
1112,1113img,1
1113,1114img,1
1114,1115img,1
1115,1116img,0
1116,1117img,0
1117,1118img,0
1118,1119img,0
1119,1120img,0
1120,1121img,0
1121,1122img,0
1122,1123img,0
1123,1124img,0
1124,1125img,1
1125,1126img,0
1126,1127img,0
1127,1128img,0
1128,1129img,0
1129,1130img,0
1130,1131img,0
1131,1132img,0
1132,1133img,0
1133,1134img,0
1134,1135img,0
1135,1136img,0
1136,1137img,0
1137,1138img,0
1138,1139img,0
1139,1140img,0
1140,1141img,0
1141,1142img,0
1142,1143img,0
1143,1144img,0
1144,1145img,0
1145,1146img,0
1146,1147img,0
1147,1148img,0
1148,1149img,0
1149,1150img,0
1150,1151img,0
1151,1152img,0
1152,1153img,1
1153,1154img,0
1154,1155img,1
1155,1156img,1
1156,1157img,1
1157,1158img,1
1158,1159img,0
1159,1160img,0
1160,1161img,0
1161,1162img,0
1162,1163img,1
1163,1164img,1
1164,1165img,1
1165,1166img,0
1166,1167img,0
1167,1168img,0
1168,1169img,0
1169,1170img,1
1170,1171img,0
1171,1172img,0
1172,1173img,0
1173,1174img,0
1174,1175img,0
1175,1176img,0
1176,1177img,0
1177,1178img,0
1178,1179img,0
1179,1180img,0
1180,1181img,0
1181,1182img,0
1182,1183img,0
1183,1184img,0
1184,1185img,0
1185,1186img,0
1186,1187img,0
1187,1188img,0
1188,1189img,0
1189,1190img,0
1190,1191img,0
1191,1192img,0
1192,1193img,0
1193,1194img,0
1194,1195img,0
1195,1196img,0
1196,1197img,0
1197,1198img,0
1198,1199img,0
1199,1200img,0
1200,1201img,0
1201,1202img,0
1202,1203img,0
1203,1204img,0
1204,1205img,0
1205,1206img,0
1206,1207img,0
1207,1208img,0
1208,1209img,0
1209,1210img,0
1210,1211img,0
1211,1212img,1
1212,1213img,1
1213,1214img,0
1214,1215img,1
1215,1216img,1
1216,1217img,1
1217,1218img,0
1218,1219img,0
1219,1220img,0
1220,1221img,1
1221,1222img,1
1222,1223img,1
1223,1224img,1
1224,1225img,1
1225,1226img,1
1226,1227img,1
1227,1228img,1
1228,1229img,0
1229,1230img,0
1230,1231img,0
1231,1232img,0
1232,1233img,0
1233,1234img,0
1234,1235img,0
1235,1236img,0
1236,1237img,0
1237,1238img,0
1238,1239img,0
1239,1240img,0
1240,1241img,0
1241,1242img,0
1242,1243img,0
1243,1244img,0
1244,1245img,0
1245,1246img,0
1246,1247img,0
1247,1248img,0
1248,1249img,0
1249,1250img,0
1250,1251img,0
1251,1252img,0
1252,1253img,0
1253,1254img,0
1254,1255img,0
1255,1256img,0
1256,1257img,0
1257,1258img,0
1258,1259img,0
1259,1260img,0
1260,1261img,0
1261,1262img,0
1262,1263img,0
1263,1264img,0
1264,1265img,0
1265,1266img,0
1266,1267img,0
1267,1268img,1
1268,1269img,1
1269,1270img,0
1270,1271img,1
1271,1272img,1
1272,1273img,1
1273,1274img,1
1274,1275img,1
1275,1276img,0
1276,1277img,0
1277,1278img,1
1278,1279img,1
1279,1280img,1
1280,1281img,1
1281,1282img,0
1282,1283img,1
1283,1284img,0
1284,1285img,0
1285,1286img,0
1286,1287img,0
1287,1288img,0
1288,1289img,0
1289,1290img,0
1290,1291img,0
1291,1292img,0
1292,1293img,0
1293,1294img,0
1294,1295img,0
1295,1296img,0
1296,1297img,0
1297,1298img,0
1298,1299img,0
1299,1300img,0
1300,1301img,0
1301,1302img,0
1302,1303img,0
1303,1304img,0
1304,1305img,0
1305,1306img,0
1306,1307img,0
1307,1308img,0
1308,1309img,0
1309,1310img,0
1310,1311img,0
1311,1312img,0
1312,1313img,0
1313,1314img,0
1314,1315img,0
1315,1316img,0
1316,1317img,0
1317,1318img,0
1318,1319img,0
1319,1320img,0
1320,1321img,0
1321,1322img,0
1322,1323img,0
1323,1324img,1
1324,1325img,1
1325,1326img,1
1326,1327img,1
1327,1328img,1
1328,1329img,0
1329,1330img,1
1330,1331img,1
1331,1332img,0
1332,1333img,0
1333,1334img,1
1334,1335img,0
1335,1336img,1
1336,1337img,1
1337,1338img,1
1338,1339img,1
1339,1340img,0
1340,1341img,1
1341,1342img,1
1342,1343img,0
1343,1344img,0
1344,1345img,0
1345,1346img,0
1346,1347img,0
1347,1348img,0
1348,1349img,0
1349,1350img,0
1350,1351img,0
1351,1352img,0
1352,1353img,0
1353,1354img,0
1354,1355img,0
1355,1356img,0
1356,1357img,0
1357,1358img,0
1358,1359img,0
1359,1360img,0
1360,1361img,0
1361,1362img,0
1362,1363img,0
1363,1364img,0
1364,1365img,0
1365,1366img,0
1366,1367img,0
1367,1368img,0
1368,1369img,0
1369,1370img,0
1370,1371img,0
1371,1372img,0
1372,1373img,1
1373,1374img,1
1374,1375img,1
1375,1376img,1
1376,1377img,1
1377,1378img,1
1378,1379img,0
1379,1380img,0
1380,1381img,1
1381,1382img,1
1382,1383img,0
1383,1384img,1
1384,1385img,0
1385,1386img,1
1386,1387img,1
1387,1388img,1
1388,1389img,1
1389,1390img,0
1390,1391img,0
1391,1392img,0
1392,1393img,1
1393,1394img,1
1394,1395img,1
1395,1396img,1
1396,1397img,1
1397,1398img,1
1398,1399img,0
1399,1400img,0
1400,1401img,0
1401,1402img,0
1402,1403img,0
1403,1404img,0
1404,1405img,0
1405,1406img,0
1406,1407img,0
1407,1408img,0
1408,1409img,0
1409,1410img,0
1410,1411img,0
1411,1412img,0
1412,1413img,0
1413,1414img,0
1414,1415img,0
1415,1416img,0
1416,1417img,0
1417,1418img,0
1418,1419img,0
1419,1420img,0
1420,1421img,0
1421,1422img,0
1422,1423img,0
1423,1424img,0
1424,1425img,0
1425,1426img,0
1426,1427img,1
1427,1428img,1
1428,1429img,0
1429,1430img,1
1430,1431img,1
1431,1432img,1
1432,1433img,0
1433,1434img,0
1434,1435img,0
1435,1436img,1
1436,1437img,0
1437,1438img,0
1438,1439img,0
1439,1440img,1
1440,1441img,1
1441,1442img,1
1442,1443img,0
1443,1444img,1
1444,1445img,1
1445,1446img,0
1446,1447img,1
1447,1448img,0
1448,1449img,0
1449,1450img,1
1450,1451img,1
1451,1452img,0
1452,1453img,0
1453,1454img,1
1454,1455img,0
1455,1456img,0
1456,1457img,0
1457,1458img,0
1458,1459img,0
1459,1460img,0
1460,1461img,0
1461,1462img,0
1462,1463img,0
1463,1464img,0
1464,1465img,0
1465,1466img,0
1466,1467img,0
1467,1468img,0
1468,1469img,0
1469,1470img,0
1470,1471img,0
1471,1472img,0
1472,1473img,0
1473,1474img,0
1474,1475img,0
1475,1476img,0
1476,1477img,0
1477,1478img,0
1478,1479img,0
1479,1480img,0
1480,1481img,1
1481,1482img,0
1482,1483img,0
1483,1484img,1
1484,1485img,1
1485,1486img,1
1486,1487img,0
1487,1488img,0
1488,1489img,0
1489,1490img,1
1490,1491img,0
1491,1492img,0
1492,1493img,1
1493,1494img,0
1494,1495img,0
1495,1496img,1
1496,1497img,1
1497,1498img,1
1498,1499img,1
1499,1500img,1
1500,1501img,0
1501,1502img,1
1502,1503img,1
1503,1504img,0
1504,1505img,0
1505,1506img,1
1506,1507img,0
1507,1508img,0
1508,1509img,1
1509,1510img,1
1510,1511img,0
1511,1512img,1
1512,1513img,0
1513,1514img,0
1514,1515img,0
1515,1516img,0
1516,1517img,0
1517,1518img,0
1518,1519img,0
1519,1520img,0
1520,1521img,0
1521,1522img,0
1522,1523img,0
1523,1524img,0
1524,1525img,0
1525,1526img,0
1526,1527img,0
1527,1528img,0
1528,1529img,0
1529,1530img,0
1530,1531img,0
1531,1532img,0
1532,1533img,0
1533,1534img,1
1534,1535img,1
1535,1536img,1
1536,1537img,1
1537,1538img,1
1538,1539img,1
1539,1540img,1
1540,1541img,1
1541,1542img,0
1542,1543img,0
1543,1544img,1
1544,1545img,1
1545,1546img,1
1546,1547img,0
1547,1548img,1
1548,1549img,0
1549,1550img,0
1550,1551img,1
1551,1552img,1
1552,1553img,1
1553,1554img,1
1554,1555img,1
1555,1556img,1
1556,1557img,0
1557,1558img,0
1558,1559img,1
1559,1560img,0
1560,1561img,0
1561,1562img,1
1562,1563img,0
1563,1564img,0
1564,1565img,0
1565,1566img,0
1566,1567img,0
1567,1568img,0
1568,1569img,0
1569,1570img,0
1570,1571img,0
1571,1572img,0
1572,1573img,0
1573,1574img,0
1574,1575img,0
1575,1576img,0
1576,1577img,0
1577,1578img,0
1578,1579img,0
1579,1580img,0
1580,1581img,0
1581,1582img,0
1582,1583img,0
1583,1584img,0
1584,1585img,0
1585,1586img,0
1586,1587img,0
1587,1588img,0
1588,1589img,0
1589,1590img,1
1590,1591img,1
1591,1592img,1
1592,1593img,1
1593,1594img,1
1594,1595img,1
1595,1596img,1
1596,1597img,1
1597,1598img,1
1598,1599img,1
1599,1600img,1
1600,1601img,1
1601,1602img,1
1602,1603img,0
1603,1604img,0
1604,1605img,1
1605,1606img,1
1606,1607img,0
1607,1608img,1
1608,1609img,1
1609,1610img,1
1610,1611img,1
1611,1612img,1
1612,1613img,0
1613,1614img,0
1614,1615img,0
1615,1616img,1
1616,1617img,1
1617,1618img,1
1618,1619img,0
1619,1620img,0
1620,1621img,0
1621,1622img,0
1622,1623img,0
1623,1624img,0
1624,1625img,0
1625,1626img,0
1626,1627img,0
1627,1628img,0
1628,1629img,0
1629,1630img,0
1630,1631img,1
1631,1632img,0
1632,1633img,0
1633,1634img,0
1634,1635img,0
1635,1636img,0
1636,1637img,0
1637,1638img,0
1638,1639img,0
1639,1640img,0
1640,1641img,1
1641,1642img,1
1642,1643img,0
1643,1644img,1
1644,1645img,1
1645,1646img,1
1646,1647img,1
1647,1648img,1
1648,1649img,1
1649,1650img,1
1650,1651img,1
1651,1652img,1
1652,1653img,0
1653,1654img,1
1654,1655img,1
1655,1656img,0
1656,1657img,0
1657,1658img,0
1658,1659img,0
1659,1660img,1
1660,1661img,1
1661,1662img,1
1662,1663img,1
1663,1664img,1
1664,1665img,1
1665,1666img,1
1666,1667img,1
1667,1668img,1
1668,1669img,1
1669,1670img,1
1670,1671img,0
1671,1672img,0
1672,1673img,0
1673,1674img,0
1674,1675img,0
1675,1676img,0
1676,1677img,0
1677,1678img,0
1678,1679img,0
1679,1680img,0
1680,1681img,1
1681,1682img,0
1682,1683img,1
1683,1684img,1
1684,1685img,1
1685,1686img,1
1686,1687img,1
1687,1688img,1
1688,1689img,1
1689,1690img,0
1690,1691img,0
1691,1692img,0
1692,1693img,0
1693,1694img,1
1694,1695img,1
1695,1696img,1
1696,1697img,1
1697,1698img,1
1698,1699img,0
1699,1700img,1
1700,1701img,0
1701,1702img,1
1702,1703img,1
1703,1704img,1
1704,1705img,1
1705,1706img,1
1706,1707img,1
1707,1708img,1
1708,1709img,1
1709,1710img,1
1710,1711img,0
1711,1712img,0
1712,1713img,0
1713,1714img,0
1714,1715img,1
1715,1716img,1
1716,1717img,0
1717,1718img,1
1718,1719img,0
1719,1720img,1
1720,1721img,1
1721,1722img,1
1722,1723img,1
1723,1724img,1
1724,1725img,0
1725,1726img,0
1726,1727img,0
1727,1728img,0
1728,1729img,0
1729,1730img,0
1730,1731img,0
1731,1732img,0
1732,1733img,0
1733,1734img,1
1734,1735img,1
1735,1736img,1
1736,1737img,1
1737,1738img,1
1738,1739img,1
1739,1740img,1
1740,1741img,1
1741,1742img,1
1742,1743img,1
1743,1744img,0
1744,1745img,1
1745,1746img,1
1746,1747img,1
1747,1748img,1
1748,1749img,1
1749,1750img,1
1750,1751img,1
1751,1752img,1
1752,1753img,1
1753,1754img,1
1754,1755img,1
1755,1756img,1
1756,1757img,1
1757,1758img,0
1758,1759img,1
1759,1760img,1
1760,1761img,1
1761,1762img,1
1762,1763img,0
1763,1764img,0
1764,1765img,1
1765,1766img,1
1766,1767img,1
1767,1768img,1
1768,1769img,1
1769,1770img,1
1770,1771img,1
1771,1772img,1
1772,1773img,0
1773,1774img,1
1774,1775img,1
1775,1776img,1
1776,1777img,0
1777,1778img,0
1778,1779img,0
1779,1780img,0
1780,1781img,0
1781,1782img,0
1782,1783img,0
1783,1784img,0
1784,1785img,1
1785,1786img,0
1786,1787img,1
1787,1788img,1
1788,1789img,0
1789,1790img,1
1790,1791img,1
1791,1792img,1
1792,1793img,1
1793,1794img,1
1794,1795img,1
1795,1796img,0
1796,1797img,1
1797,1798img,1
1798,1799img,1
1799,1800img,1
1800,1801img,1
1801,1802img,1
1802,1803img,1
1803,1804img,1
1804,1805img,1
1805,1806img,1
1806,1807img,1
1807,1808img,1
1808,1809img,1
1809,1810img,1
1810,1811img,1
1811,1812img,1
1812,1813img,1
1813,1814img,1
1814,1815img,1
1815,1816img,0
1816,1817img,0
1817,1818img,0
1818,1819img,1
1819,1820img,0
1820,1821img,1
1821,1822img,1
1822,1823img,1
1823,1824img,1
1824,1825img,0
1825,1826img,1
1826,1827img,0
1827,1828img,1
1828,1829img,0
1829,1830img,0
1830,1831img,0
1831,1832img,0
1832,1833img,0
1833,1834img,0
1834,1835img,0
1835,1836img,0
1836,1837img,1
1837,1838img,0
1838,1839img,1
1839,1840img,1
1840,1841img,0
1841,1842img,0
1842,1843img,1
1843,1844img,1
1844,1845img,1
1845,1846img,1
1846,1847img,1
1847,1848img,0
1848,1849img,0
1849,1850img,0
1850,1851img,0
1851,1852img,0
1852,1853img,0
1853,1854img,1
1854,1855img,1
1855,1856img,1
1856,1857img,1
1857,1858img,0
1858,1859img,1
1859,1860img,1
1860,1861img,0
1861,1862img,1
1862,1863img,1
1863,1864img,1
1864,1865img,1
1865,1866img,1
1866,1867img,1
1867,1868img,1
1868,1869img,1
1869,1870img,0
1870,1871img,0
1871,1872img,1
1872,1873img,1
1873,1874img,0
1874,1875img,1
1875,1876img,1
1876,1877img,0
1877,1878img,1
1878,1879img,1
1879,1880img,1
1880,1881img,0
1881,1882img,0
1882,1883img,1
1883,1884img,0
1884,1885img,0
1885,1886img,0
1886,1887img,0
1887,1888img,0
1888,1889img,1
1889,1890img,1
1890,1891img,1
1891,1892img,1
1892,1893img,1
1893,1894img,1
1894,1895img,1
1895,1896img,1
1896,1897img,1
1897,1898img,1
1898,1899img,1
1899,1900img,0
1900,1901img,0
1901,1902img,0
1902,1903img,0
1903,1904img,0
1904,1905img,1
1905,1906img,1
1906,1907img,1
1907,1908img,1
1908,1909img,1
1909,1910img,1
1910,1911img,1
1911,1912img,0
1912,1913img,0
1913,1914img,1
1914,1915img,1
1915,1916img,1
1916,1917img,1
1917,1918img,1
1918,1919img,1
1919,1920img,1
1920,1921img,1
1921,1922img,1
1922,1923img,1
1923,1924img,0
1924,1925img,1
1925,1926img,0
1926,1927img,1
1927,1928img,1
1928,1929img,1
1929,1930img,1
1930,1931img,1
1931,1932img,1
1932,1933img,1
1933,1934img,0
1934,1935img,0
1935,1936img,0
1936,1937img,1
1937,1938img,1
1938,1939img,0
1939,1940img,0
1940,1941img,0
1941,1942img,0
1942,1943img,1
1943,1944img,0
1944,1945img,1
1945,1946img,1
1946,1947img,0
1947,1948img,0
1948,1949img,0
1949,1950img,1
1950,1951img,1
1951,1952img,1
1952,1953img,0
1953,1954img,0
1954,1955img,0
1955,1956img,0
1956,1957img,0
1957,1958img,0
1958,1959img,0
1959,1960img,0
1960,1961img,0
1961,1962img,0
1962,1963img,0
1963,1964img,1
1964,1965img,1
1965,1966img,1
1966,1967img,1
1967,1968img,0
1968,1969img,1
1969,1970img,1
1970,1971img,0
1971,1972img,1
1972,1973img,1
1973,1974img,1
1974,1975img,0
1975,1976img,1
1976,1977img,1
1977,1978img,0
1978,1979img,1
1979,1980img,1
1980,1981img,1
1981,1982img,1
1982,1983img,0
1983,1984img,1
1984,1985img,1
1985,1986img,1
1986,1987img,0
1987,1988img,0
1988,1989img,0
1989,1990img,1
1990,1991img,1
1991,1992img,0
1992,1993img,0
1993,1994img,0
1994,1995img,1
1995,1996img,1
1996,1997img,0
1997,1998img,0
1998,1999img,1
1999,2000img,0
2000,2001img,0
2001,2002img,0
2002,2003img,0
2003,2004img,1
2004,2005img,1
2005,2006img,0
2006,2007img,0
2007,2008img,0
2008,2009img,0
2009,2010img,0
2010,2011img,0
2011,2012img,0
2012,2013img,0
2013,2014img,1
2014,2015img,1
2015,2016img,1
2016,2017img,1
2017,2018img,1
2018,2019img,1
2019,2020img,0
2020,2021img,1
2021,2022img,1
2022,2023img,1
2023,2024img,1
2024,2025img,1
2025,2026img,1
2026,2027img,1
2027,2028img,1
2028,2029img,1
2029,2030img,1
2030,2031img,0
2031,2032img,1
2032,2033img,1
2033,2034img,0
2034,2035img,1
2035,2036img,0
2036,2037img,1
2037,2038img,1
2038,2039img,1
2039,2040img,0
2040,2041img,0
2041,2042img,0
2042,2043img,0
2043,2044img,1
2044,2045img,0
2045,2046img,1
2046,2047img,1
2047,2048img,0
2048,2049img,0
2049,2050img,0
2050,2051img,1
2051,2052img,0
2052,2053img,0
2053,2054img,0
2054,2055img,0
2055,2056img,0
2056,2057img,1
2057,2058img,1
2058,2059img,1
2059,2060img,1
2060,2061img,0
2061,2062img,0
2062,2063img,0
2063,2064img,0
2064,2065img,0
2065,2066img,0
2066,2067img,0
2067,2068img,0
2068,2069img,0
2069,2070img,0
2070,2071img,1
2071,2072img,1
2072,2073img,1
2073,2074img,1
2074,2075img,1
2075,2076img,1
2076,2077img,1
2077,2078img,1
2078,2079img,1
2079,2080img,1
2080,2081img,1
2081,2082img,1
2082,2083img,0
2083,2084img,1
2084,2085img,1
2085,2086img,1
2086,2087img,1
2087,2088img,1
2088,2089img,1
2089,2090img,1
2090,2091img,1
2091,2092img,1
2092,2093img,0
2093,2094img,0
2094,2095img,0
2095,2096img,0
2096,2097img,0
2097,2098img,1
2098,2099img,1
2099,2100img,1
2100,2101img,1
2101,2102img,0
2102,2103img,0
2103,2104img,0
2104,2105img,1
2105,2106img,0
2106,2107img,1
2107,2108img,0
2108,2109img,1
2109,2110img,1
2110,2111img,0
2111,2112img,1
2112,2113img,1
2113,2114img,1
2114,2115img,0
2115,2116img,0
2116,2117img,0
2117,2118img,0
2118,2119img,0
2119,2120img,0
2120,2121img,0
2121,2122img,0
2122,2123img,0
2123,2124img,0
2124,2125img,1
2125,2126img,1
2126,2127img,1
2127,2128img,1
2128,2129img,1
2129,2130img,1
2130,2131img,1
2131,2132img,1
2132,2133img,1
2133,2134img,1
2134,2135img,1
2135,2136img,1
2136,2137img,0
2137,2138img,1
2138,2139img,1
2139,2140img,1
2140,2141img,1
2141,2142img,1
2142,2143img,1
2143,2144img,1
2144,2145img,1
2145,2146img,1
2146,2147img,0
2147,2148img,0
2148,2149img,0
2149,2150img,0
2150,2151img,0
2151,2152img,1
2152,2153img,1
2153,2154img,0
2154,2155img,0
2155,2156img,0
2156,2157img,0
2157,2158img,0
2158,2159img,0
2159,2160img,1
2160,2161img,1
2161,2162img,1
2162,2163img,1
2163,2164img,1
2164,2165img,0
2165,2166img,1
2166,2167img,1
2167,2168img,1
2168,2169img,0
2169,2170img,0
2170,2171img,0
2171,2172img,0
2172,2173img,0
2173,2174img,0
2174,2175img,0
2175,2176img,0
2176,2177img,0
2177,2178img,0
2178,2179img,0
2179,2180img,1
2180,2181img,0
2181,2182img,0
2182,2183img,0
2183,2184img,0
2184,2185img,1
2185,2186img,1
2186,2187img,1
2187,2188img,0
2188,2189img,0
2189,2190img,0
2190,2191img,1
2191,2192img,1
2192,2193img,1
2193,2194img,1
2194,2195img,1
2195,2196img,1
2196,2197img,0
2197,2198img,1
2198,2199img,0
2199,2200img,0
2200,2201img,0
2201,2202img,0
2202,2203img,0
2203,2204img,0
2204,2205img,1
2205,2206img,1
2206,2207img,0
2207,2208img,0
2208,2209img,0
2209,2210img,1
2210,2211img,0
2211,2212img,1
2212,2213img,1
2213,2214img,1
2214,2215img,0
2215,2216img,0
2216,2217img,1
2217,2218img,1
2218,2219img,0
2219,2220img,0
2220,2221img,1
2221,2222img,0
2222,2223img,0
2223,2224img,0
2224,2225img,0
2225,2226img,0
2226,2227img,0
2227,2228img,1
2228,2229img,0
2229,2230img,1
2230,2231img,1
2231,2232img,1
2232,2233img,1
2233,2234img,1
2234,2235img,0
2235,2236img,1
2236,2237img,1
2237,2238img,1
2238,2239img,0
2239,2240img,0
2240,2241img,1
2241,2242img,1
2242,2243img,0
2243,2244img,1
2244,2245img,1
2245,2246img,1
2246,2247img,1
2247,2248img,1
2248,2249img,0
2249,2250img,0
2250,2251img,0
2251,2252img,0
2252,2253img,0
2253,2254img,1
2254,2255img,0
2255,2256img,0
2256,2257img,0
2257,2258img,0
2258,2259img,1
2259,2260img,1
2260,2261img,0
2261,2262img,1
2262,2263img,1
2263,2264img,1
2264,2265img,1
2265,2266img,1
2266,2267img,0
2267,2268img,0
2268,2269img,0
2269,2270img,1
2270,2271img,0
2271,2272img,0
2272,2273img,0
2273,2274img,0
2274,2275img,0
2275,2276img,0
2276,2277img,0
2277,2278img,0
2278,2279img,0
2279,2280img,0
2280,2281img,0
2281,2282img,0
2282,2283img,1
2283,2284img,1
2284,2285img,0
2285,2286img,1
2286,2287img,1
2287,2288img,1
2288,2289img,1
2289,2290img,1
2290,2291img,0
2291,2292img,1
2292,2293img,1
2293,2294img,0
2294,2295img,0
2295,2296img,0
2296,2297img,0
2297,2298img,0
2298,2299img,0
2299,2300img,0
2300,2301img,1
2301,2302img,0
2302,2303img,0
2303,2304img,0
2304,2305img,0
2305,2306img,0
2306,2307img,1
2307,2308img,1
2308,2309img,1
2309,2310img,1
2310,2311img,1
2311,2312img,0
2312,2313img,0
2313,2314img,0
2314,2315img,1
2315,2316img,0
2316,2317img,0
2317,2318img,1
2318,2319img,0
2319,2320img,1
2320,2321img,0
2321,2322img,0
2322,2323img,0
2323,2324img,0
2324,2325img,0
2325,2326img,0
2326,2327img,0
2327,2328img,0
2328,2329img,1
2329,2330img,0
2330,2331img,1
2331,2332img,0
2332,2333img,1
2333,2334img,1
2334,2335img,1
2335,2336img,1
2336,2337img,1
2337,2338img,1
2338,2339img,1
2339,2340img,1
2340,2341img,1
2341,2342img,1
2342,2343img,1
2343,2344img,0
2344,2345img,0
2345,2346img,0
2346,2347img,0
2347,2348img,0
2348,2349img,0
2349,2350img,0
2350,2351img,0
2351,2352img,0
2352,2353img,0
2353,2354img,0
2354,2355img,1
2355,2356img,1
2356,2357img,1
2357,2358img,0
2358,2359img,1
2359,2360img,0
2360,2361img,1
2361,2362img,1
2362,2363img,0
2363,2364img,1
2364,2365img,0
2365,2366img,1
2366,2367img,1
2367,2368img,1
2368,2369img,0
2369,2370img,0
2370,2371img,0
2371,2372img,0
2372,2373img,0
2373,2374img,0
2374,2375img,0
2375,2376img,0
2376,2377img,0
2377,2378img,1
2378,2379img,1
2379,2380img,1
2380,2381img,1
2381,2382img,1
2382,2383img,0
2383,2384img,1
2384,2385img,1
2385,2386img,1
2386,2387img,0
2387,2388img,0
2388,2389img,0
2389,2390img,0
2390,2391img,0
2391,2392img,0
2392,2393img,0
2393,2394img,0
2394,2395img,0
2395,2396img,0
2396,2397img,0
2397,2398img,0
2398,2399img,0
2399,2400img,0
2400,2401img,0
2401,2402img,0
2402,2403img,0
2403,2404img,0
2404,2405img,0
2405,2406img,0
2406,2407img,0
2407,2408img,0
2408,2409img,0
2409,2410img,0
2410,2411img,1
2411,2412img,0
2412,2413img,0
2413,2414img,0
2414,2415img,0
2415,2416img,0
2416,2417img,1
2417,2418img,1
2418,2419img,1
2419,2420img,0
2420,2421img,0
2421,2422img,0
2422,2423img,0
2423,2424img,0
2424,2425img,0
2425,2426img,0
2426,2427img,0
2427,2428img,0
2428,2429img,0
2429,2430img,0
2430,2431img,1
2431,2432img,1
2432,2433img,1
2433,2434img,1
2434,2435img,1
2435,2436img,1
2436,2437img,1
2437,2438img,1
2438,2439img,0
2439,2440img,0
2440,2441img,0
2441,2442img,0
2442,2443img,0
2443,2444img,0
2444,2445img,0
2445,2446img,0
2446,2447img,0
2447,2448img,0
2448,2449img,0
2449,2450img,0
2450,2451img,0
2451,2452img,1
2452,2453img,0
2453,2454img,0
2454,2455img,0
2455,2456img,0
2456,2457img,0
2457,2458img,0
2458,2459img,0
2459,2460img,0
2460,2461img,0
2461,2462img,0
2462,2463img,0
2463,2464img,1
2464,2465img,0
2465,2466img,0
2466,2467img,1
2467,2468img,1
2468,2469img,0
2469,2470img,1
2470,2471img,1
2471,2472img,1
2472,2473img,1
2473,2474img,0
2474,2475img,0
2475,2476img,1
2476,2477img,0
2477,2478img,0
2478,2479img,0
2479,2480img,0
2480,2481img,0
2481,2482img,0
2482,2483img,0
2483,2484img,0
2484,2485img,0
2485,2486img,0
2486,2487img,0
2487,2488img,1
2488,2489img,0
2489,2490img,0
2490,2491img,0
2491,2492img,0
2492,2493img,0
2493,2494img,0
2494,2495img,0
2495,2496img,0
2496,2497img,0
2497,2498img,0
2498,2499img,0
2499,2500img,0
2500,2501img,0
2501,2502img,0
2502,2503img,0
2503,2504img,0
2504,2505img,0
2505,2506img,0
2506,2507img,0
2507,2508img,0
2508,2509img,0
2509,2510img,1
2510,2511img,1
2511,2512img,1
2512,2513img,1
2513,2514img,1
2514,2515img,1
2515,2516img,1
2516,2517img,0
2517,2518img,1
2518,2519img,1
2519,2520img,1
2520,2521img,0
2521,2522img,0
2522,2523img,1
2523,2524img,0
2524,2525img,0
2525,2526img,0
2526,2527img,0
2527,2528img,0
2528,2529img,0
2529,2530img,0
2530,2531img,0
2531,2532img,0
2532,2533img,0
2533,2534img,0
2534,2535img,0
2535,2536img,0
2536,2537img,0
2537,2538img,0
2538,2539img,0
2539,2540img,0
2540,2541img,0
2541,2542img,0
2542,2543img,0
2543,2544img,0
2544,2545img,0
2545,2546img,0
2546,2547img,0
2547,2548img,0
2548,2549img,0
2549,2550img,0
2550,2551img,0
2551,2552img,0
2552,2553img,0
2553,2554img,0
2554,2555img,1
2555,2556img,0
2556,2557img,0
2557,2558img,0
2558,2559img,1
2559,2560img,0
2560,2561img,0
2561,2562img,1
2562,2563img,1
2563,2564img,1
2564,2565img,1
2565,2566img,1
2566,2567img,0
2567,2568img,0
2568,2569img,0
2569,2570img,0
2570,2571img,0
2571,2572img,0
2572,2573img,0
2573,2574img,0
2574,2575img,0
2575,2576img,0
2576,2577img,0
2577,2578img,0
2578,2579img,0
2579,2580img,0
2580,2581img,0
2581,2582img,0
2582,2583img,0
2583,2584img,0
2584,2585img,1
2585,2586img,0
2586,2587img,0
2587,2588img,0
2588,2589img,1
2589,2590img,0
2590,2591img,0
2591,2592img,0
2592,2593img,0
2593,2594img,0
2594,2595img,0
2595,2596img,0
2596,2597img,0
2597,2598img,0
2598,2599img,0
2599,2600img,0
2600,2601img,1
2601,2602img,0
2602,2603img,1
2603,2604img,1
2604,2605img,1
2605,2606img,1
2606,2607img,1
2607,2608img,0
2608,2609img,0
2609,2610img,0
2610,2611img,0
2611,2612img,0
2612,2613img,0
2613,2614img,0
2614,2615img,0
2615,2616img,0
2616,2617img,0
2617,2618img,0
2618,2619img,0
2619,2620img,0
2620,2621img,0
2621,2622img,1
2622,2623img,0
2623,2624img,0
2624,2625img,0
2625,2626img,0
2626,2627img,1
2627,2628img,0
2628,2629img,0
2629,2630img,0
2630,2631img,1
2631,2632img,0
2632,2633img,1
2633,2634img,1
2634,2635img,1
2635,2636img,0
2636,2637img,0
2637,2638img,0
2638,2639img,1
2639,2640img,0
2640,2641img,0
2641,2642img,0
2642,2643img,1
2643,2644img,0
2644,2645img,0
2645,2646img,1
2646,2647img,1
2647,2648img,1
2648,2649img,1
2649,2650img,1
2650,2651img,1
2651,2652img,0
2652,2653img,0
2653,2654img,1
2654,2655img,0
2655,2656img,0
2656,2657img,0
2657,2658img,0
2658,2659img,0
2659,2660img,0
2660,2661img,1
2661,2662img,0
2662,2663img,0
2663,2664img,1
2664,2665img,1
2665,2666img,1
2666,2667img,1
2667,2668img,0
2668,2669img,1
2669,2670img,1
2670,2671img,0
2671,2672img,1
2672,2673img,1
2673,2674img,1
2674,2675img,1
2675,2676img,1
2676,2677img,1
2677,2678img,1
2678,2679img,1
2679,2680img,0
2680,2681img,0
2681,2682img,1
2682,2683img,0
2683,2684img,0
2684,2685img,0
2685,2686img,0
2686,2687img,1
2687,2688img,1
2688,2689img,1
2689,2690img,1
2690,2691img,1
2691,2692img,1
2692,2693img,0
2693,2694img,0
2694,2695img,0
2695,2696img,1
2696,2697img,1
2697,2698img,1
2698,2699img,1
2699,2700img,1
2700,2701img,0
2701,2702img,0
2702,2703img,1
2703,2704img,1
2704,2705img,0
2705,2706img,1
2706,2707img,1
2707,2708img,1
2708,2709img,1
2709,2710img,1
2710,2711img,0
2711,2712img,1
2712,2713img,1
2713,2714img,1
2714,2715img,0
2715,2716img,0
2716,2717img,1
2717,2718img,0
2718,2719img,1
2719,2720img,1
2720,2721img,1
2721,2722img,1
2722,2723img,0
2723,2724img,0
2724,2725img,0
2725,2726img,0
2726,2727img,0
2727,2728img,0
2728,2729img,0
2729,2730img,0
2730,2731img,0
2731,2732img,0
2732,2733img,1
2733,2734img,0
2734,2735img,0
2735,2736img,0
2736,2737img,0
2737,2738img,0
2738,2739img,0
2739,2740img,1
2740,2741img,1
2741,2742img,1
2742,2743img,1
2743,2744img,1
2744,2745img,0
2745,2746img,0
2746,2747img,0
2747,2748img,0
2748,2749img,1
2749,2750img,0
2750,2751img,1
2751,2752img,0
2752,2753img,1
2753,2754img,1
2754,2755img,0
2755,2756img,1
2756,2757img,1
2757,2758img,1
2758,2759img,0
2759,2760img,0
2760,2761img,0
2761,2762img,1
2762,2763img,0
2763,2764img,1
2764,2765img,1
2765,2766img,0
2766,2767img,1
2767,2768img,1
2768,2769img,1
2769,2770img,0
2770,2771img,0
2771,2772img,1
2772,2773img,0
2773,2774img,0
2774,2775img,0
2775,2776img,0
2776,2777img,0
2777,2778img,0
2778,2779img,0
2779,2780img,0
2780,2781img,0
2781,2782img,0
2782,2783img,0
2783,2784img,0
2784,2785img,0
2785,2786img,1
2786,2787img,1
2787,2788img,1
2788,2789img,0
2789,2790img,1
2790,2791img,1
2791,2792img,1
2792,2793img,0
2793,2794img,0
2794,2795img,0
2795,2796img,1
2796,2797img,0
2797,2798img,0
2798,2799img,0
2799,2800img,1
2800,2801img,1
2801,2802img,1
2802,2803img,1
2803,2804img,1
2804,2805img,1
2805,2806img,1
2806,2807img,1
2807,2808img,0
2808,2809img,0
2809,2810img,1
2810,2811img,1
2811,2812img,1
2812,2813img,1
2813,2814img,1
2814,2815img,1
2815,2816img,1
2816,2817img,1
2817,2818img,0
2818,2819img,0
2819,2820img,1
2820,2821img,0
2821,2822img,0
2822,2823img,1
2823,2824img,0
2824,2825img,0
2825,2826img,0
2826,2827img,1
2827,2828img,0
2828,2829img,1
2829,2830img,1
2830,2831img,0
2831,2832img,0
2832,2833img,1
2833,2834img,1
2834,2835img,1
2835,2836img,1
2836,2837img,1
2837,2838img,1
2838,2839img,1
2839,2840img,1
2840,2841img,0
2841,2842img,0
2842,2843img,0
2843,2844img,1
2844,2845img,1
2845,2846img,1
2846,2847img,1
2847,2848img,0
2848,2849img,0
2849,2850img,1
2850,2851img,1
2851,2852img,1
2852,2853img,0
2853,2854img,0
2854,2855img,1
2855,2856img,0
2856,2857img,0
2857,2858img,1
2858,2859img,1
2859,2860img,1
2860,2861img,1
2861,2862img,1
2862,2863img,1
2863,2864img,1
2864,2865img,1
2865,2866img,0
2866,2867img,0
2867,2868img,0
2868,2869img,1
2869,2870img,0
2870,2871img,1
2871,2872img,0
2872,2873img,1
2873,2874img,0
2874,2875img,0
2875,2876img,1
2876,2877img,1
2877,2878img,0
2878,2879img,1
2879,2880img,0
2880,2881img,1
2881,2882img,1
2882,2883img,1
2883,2884img,0
2884,2885img,1
2885,2886img,1
2886,2887img,0
2887,2888img,1
2888,2889img,1
2889,2890img,0
2890,2891img,0
2891,2892img,0
2892,2893img,0
2893,2894img,0
2894,2895img,0
2895,2896img,1
2896,2897img,0
2897,2898img,1
2898,2899img,1
2899,2900img,0
2900,2901img,1
2901,2902img,1
2902,2903img,1
2903,2904img,1
2904,2905img,1
2905,2906img,1
2906,2907img,1
2907,2908img,1
2908,2909img,0
2909,2910img,1
2910,2911img,1
2911,2912img,1
2912,2913img,1
2913,2914img,1
2914,2915img,1
2915,2916img,0
2916,2917img,0
2917,2918img,0
2918,2919img,0
2919,2920img,0
2920,2921img,0
2921,2922img,1
2922,2923img,0
2923,2924img,0
2924,2925img,1
2925,2926img,0
2926,2927img,0
2927,2928img,1
2928,2929img,1
2929,2930img,1
2930,2931img,1
2931,2932img,1
2932,2933img,1
2933,2934img,0
2934,2935img,1
2935,2936img,1
2936,2937img,1
2937,2938img,1
2938,2939img,1
2939,2940img,1
2940,2941img,1
2941,2942img,1
2942,2943img,1
2943,2944img,0
2944,2945img,0
2945,2946img,0
2946,2947img,0
2947,2948img,0
2948,2949img,1
2949,2950img,1
2950,2951img,0
2951,2952img,1
2952,2953img,0
2953,2954img,1
2954,2955img,1
2955,2956img,0
2956,2957img,1
2957,2958img,1
2958,2959img,1
2959,2960img,1
2960,2961img,1
2961,2962img,0
2962,2963img,1
2963,2964img,0
2964,2965img,1
2965,2966img,1
2966,2967img,1
2967,2968img,0
2968,2969img,0
2969,2970img,1
2970,2971img,1
2971,2972img,0
2972,2973img,0
2973,2974img,0
2974,2975img,0
2975,2976img,0
2976,2977img,1
2977,2978img,1
2978,2979img,1
2979,2980img,1
2980,2981img,0
2981,2982img,1
2982,2983img,1
2983,2984img,0
2984,2985img,1
2985,2986img,1
2986,2987img,1
2987,2988img,1
2988,2989img,1
2989,2990img,0
2990,2991img,1
2991,2992img,1
2992,2993img,1
2993,2994img,0
2994,2995img,0
2995,2996img,1
2996,2997img,1
2997,2998img,0
2998,2999img,1
2999,3000img,1
3000,3001img,1
3001,3002img,0
3002,3003img,0
3003,3004img,0
3004,3005img,1
3005,3006img,0
3006,3007img,0
3007,3008img,1
3008,3009img,0
3009,3010img,0
3010,3011img,0
3011,3012img,1
3012,3013img,0
3013,3014img,1
3014,3015img,0
3015,3016img,1
3016,3017img,1
3017,3018img,0
3018,3019img,0
3019,3020img,1
3020,3021img,1
3021,3022img,1
3022,3023img,0
3023,3024img,1
3024,3025img,1
3025,3026img,1
3026,3027img,1
3027,3028img,1
3028,3029img,1
3029,3030img,0
3030,3031img,0
3031,3032img,0
3032,3033img,1
3033,3034img,1
3034,3035img,1
3035,3036img,0
3036,3037img,0
3037,3038img,1
3038,3039img,1
3039,3040img,1
3040,3041img,0
3041,3042img,1
3042,3043img,1
3043,3044img,1
3044,3045img,1
3045,3046img,1
3046,3047img,1
3047,3048img,1
3048,3049img,1
3049,3050img,1
3050,3051img,0
3051,3052img,1
3052,3053img,0
3053,3054img,1
3054,3055img,1
3055,3056img,1
3056,3057img,0
3057,3058img,0
3058,3059img,1
3059,3060img,1
3060,3061img,1
3061,3062img,0
3062,3063img,1
3063,3064img,1
3064,3065img,1
3065,3066img,0
3066,3067img,1
3067,3068img,1
3068,3069img,1
3069,3070img,1
3070,3071img,1
3071,3072img,0
3072,3073img,1
3073,3074img,0
3074,3075img,0
3075,3076img,0
3076,3077img,1
3077,3078img,1
3078,3079img,1
3079,3080img,1
3080,3081img,1
3081,3082img,1
3082,3083img,1
3083,3084img,1
3084,3085img,1
3085,3086img,0
3086,3087img,0
3087,3088img,0
3088,3089img,1
3089,3090img,1
3090,3091img,0
3091,3092img,1
3092,3093img,1
3093,3094img,1
3094,3095img,1
3095,3096img,0
3096,3097img,1
3097,3098img,0
3098,3099img,1
3099,3100img,1
3100,3101img,1
3101,3102img,1
3102,3103img,1
3103,3104img,0
3104,3105img,1
3105,3106img,1
3106,3107img,1
3107,3108img,1
3108,3109img,1
3109,3110img,0
3110,3111img,1
3111,3112img,1
3112,3113img,1
3113,3114img,1
3114,3115img,1
3115,3116img,1
3116,3117img,1
3117,3118img,1
3118,3119img,1
3119,3120img,1
3120,3121img,1
3121,3122img,0
3122,3123img,1
3123,3124img,0
3124,3125img,1
3125,3126img,0
3126,3127img,0
3127,3128img,0
3128,3129img,0
3129,3130img,0
3130,3131img,1
3131,3132img,1
3132,3133img,0
3133,3134img,1
3134,3135img,1
3135,3136img,1
3136,3137img,1
3137,3138img,1
3138,3139img,1
3139,3140img,1
3140,3141img,0
3141,3142img,0
3142,3143img,0
3143,3144img,0
3144,3145img,0
3145,3146img,0
3146,3147img,1
3147,3148img,1
3148,3149img,1
3149,3150img,1
3150,3151img,1
3151,3152img,1
3152,3153img,1
3153,3154img,1
3154,3155img,1
3155,3156img,1
3156,3157img,1
3157,3158img,1
3158,3159img,1
3159,3160img,0
3160,3161img,0
3161,3162img,1
3162,3163img,1
3163,3164img,1
3164,3165img,1
3165,3166img,1
3166,3167img,0
3167,3168img,1
3168,3169img,0
3169,3170img,1
3170,3171img,1
3171,3172img,1
3172,3173img,1
3173,3174img,1
3174,3175img,0
3175,3176img,1
3176,3177img,0
3177,3178img,0
3178,3179img,1
3179,3180img,0
3180,3181img,0
3181,3182img,0
3182,3183img,0
3183,3184img,0
3184,3185img,0
3185,3186img,1
3186,3187img,1
3187,3188img,1
3188,3189img,1
3189,3190img,1
3190,3191img,1
3191,3192img,1
3192,3193img,1
3193,3194img,1
3194,3195img,1
3195,3196img,1
3196,3197img,0
3197,3198img,0
3198,3199img,0
3199,3200img,0
3200,3201img,0
3201,3202img,1
3202,3203img,1
3203,3204img,1
3204,3205img,1
3205,3206img,1
3206,3207img,1
3207,3208img,1
3208,3209img,1
3209,3210img,1
3210,3211img,1
3211,3212img,1
3212,3213img,1
3213,3214img,0
3214,3215img,1
3215,3216img,1
3216,3217img,1
3217,3218img,1
3218,3219img,1
3219,3220img,1
3220,3221img,1
3221,3222img,1
3222,3223img,1
3223,3224img,1
3224,3225img,1
3225,3226img,1
3226,3227img,1
3227,3228img,1
3228,3229img,0
3229,3230img,1
3230,3231img,0
3231,3232img,1
3232,3233img,1
3233,3234img,0
3234,3235img,1
3235,3236img,1
3236,3237img,1
3237,3238img,1
3238,3239img,1
3239,3240img,1
3240,3241img,1
3241,3242img,1
3242,3243img,1
3243,3244img,1
3244,3245img,1
3245,3246img,1
3246,3247img,1
3247,3248img,1
3248,3249img,1
3249,3250img,1
3250,3251img,1
3251,3252img,1
3252,3253img,1
3253,3254img,0
3254,3255img,0
3255,3256img,0
3256,3257img,1
3257,3258img,1
3258,3259img,1
3259,3260img,1
3260,3261img,1
3261,3262img,1
3262,3263img,1
3263,3264img,1
3264,3265img,1
3265,3266img,1
3266,3267img,1
3267,3268img,1
3268,3269img,1
3269,3270img,1
3270,3271img,1
3271,3272img,1
3272,3273img,1
3273,3274img,1
3274,3275img,1
3275,3276img,1
3276,3277img,1
3277,3278img,1
3278,3279img,1
3279,3280img,0
3280,3281img,0
3281,3282img,0
3282,3283img,1
3283,3284img,1
3284,3285img,1
3285,3286img,0
3286,3287img,0
3287,3288img,1
3288,3289img,1
3289,3290img,1
3290,3291img,1
3291,3292img,0
3292,3293img,1
3293,3294img,1
3294,3295img,1
3295,3296img,1
3296,3297img,1
3297,3298img,1
3298,3299img,1
3299,3300img,0
3300,3301img,1
3301,3302img,1
3302,3303img,1
3303,3304img,1
3304,3305img,1
3305,3306img,1
3306,3307img,1
3307,3308img,0
3308,3309img,0
3309,3310img,0
3310,3311img,0
3311,3312img,1
3312,3313img,1
3313,3314img,0
3314,3315img,1
3315,3316img,1
3316,3317img,1
3317,3318img,1
3318,3319img,1
3319,3320img,1
3320,3321img,1
3321,3322img,1
3322,3323img,1
3323,3324img,0
3324,3325img,0
3325,3326img,1
3326,3327img,0
3327,3328img,1
3328,3329img,1
3329,3330img,0
3330,3331img,1
3331,3332img,1
3332,3333img,0
3333,3334img,1
3334,3335img,1
3335,3336img,0
3336,3337img,1
3337,3338img,0
3338,3339img,0
3339,3340img,1
3340,3341img,0
3341,3342img,1
3342,3343img,1
3343,3344img,1
3344,3345img,1
3345,3346img,1
3346,3347img,1
3347,3348img,1
3348,3349img,1
3349,3350img,0
3350,3351img,1
3351,3352img,1
3352,3353img,1
3353,3354img,1
3354,3355img,1
3355,3356img,1
3356,3357img,1
3357,3358img,0
3358,3359img,1
3359,3360img,1
3360,3361img,1
3361,3362img,1
3362,3363img,1
3363,3364img,1
3364,3365img,1
3365,3366img,1
3366,3367img,1
3367,3368img,0
3368,3369img,1
3369,3370img,1
3370,3371img,1
3371,3372img,1
3372,3373img,1
3373,3374img,1
3374,3375img,1
3375,3376img,0
3376,3377img,1
3377,3378img,1
3378,3379img,1
3379,3380img,1
3380,3381img,1
3381,3382img,1
3382,3383img,0
3383,3384img,1
3384,3385img,1
3385,3386img,0
3386,3387img,1
3387,3388img,1
3388,3389img,1
3389,3390img,1
3390,3391img,1
3391,3392img,0
3392,3393img,1
3393,3394img,0
3394,3395img,0
3395,3396img,0
3396,3397img,0
3397,3398img,1
3398,3399img,1
3399,3400img,1
3400,3401img,1
3401,3402img,1
3402,3403img,1
3403,3404img,1
3404,3405img,1
3405,3406img,0
3406,3407img,0
3407,3408img,1
3408,3409img,1
3409,3410img,1
3410,3411img,1
3411,3412img,1
3412,3413img,1
3413,3414img,1
3414,3415img,1
3415,3416img,1
3416,3417img,1
3417,3418img,1
3418,3419img,1
3419,3420img,1
3420,3421img,1
3421,3422img,1
3422,3423img,1
3423,3424img,1
3424,3425img,1
3425,3426img,1
3426,3427img,1
3427,3428img,1
3428,3429img,1
3429,3430img,1
3430,3431img,1
3431,3432img,0
3432,3433img,1
3433,3434img,1
3434,3435img,0
3435,3436img,1
3436,3437img,1
3437,3438img,0
3438,3439img,0
3439,3440img,1
3440,3441img,1
3441,3442img,1
3442,3443img,1
3443,3444img,1
3444,3445img,1
3445,3446img,1
3446,3447img,1
3447,3448img,1
3448,3449img,1
3449,3450img,1
3450,3451img,0
3451,3452img,0
3452,3453img,1
3453,3454img,1
3454,3455img,1
3455,3456img,1
3456,3457img,1
3457,3458img,1
3458,3459img,1
3459,3460img,1
3460,3461img,1
3461,3462img,1
3462,3463img,0
3463,3464img,1
3464,3465img,0
3465,3466img,1
3466,3467img,0
3467,3468img,1
3468,3469img,1
3469,3470img,1
3470,3471img,1
3471,3472img,1
3472,3473img,1
3473,3474img,1
3474,3475img,1
3475,3476img,1
3476,3477img,1
3477,3478img,1
3478,3479img,1
3479,3480img,0
3480,3481img,1
3481,3482img,1
3482,3483img,1
3483,3484img,1
3484,3485img,1
3485,3486img,1
3486,3487img,1
3487,3488img,1
3488,3489img,1
3489,3490img,1
3490,3491img,1
3491,3492img,0
3492,3493img,0
3493,3494img,0
3494,3495img,1
3495,3496img,1
3496,3497img,1
3497,3498img,1
3498,3499img,1
3499,3500img,1
3500,3501img,1
3501,3502img,1
3502,3503img,0
3503,3504img,1
3504,3505img,1
3505,3506img,1
3506,3507img,0
3507,3508img,1
3508,3509img,1
3509,3510img,1
3510,3511img,1
3511,3512img,1
3512,3513img,1
3513,3514img,1
3514,3515img,1
3515,3516img,1
3516,3517img,0
3517,3518img,1
3518,3519img,0
3519,3520img,0
3520,3521img,1
3521,3522img,0
3522,3523img,0
3523,3524img,1
3524,3525img,1
3525,3526img,1
3526,3527img,1
3527,3528img,1
3528,3529img,1
3529,3530img,1
3530,3531img,1
3531,3532img,1
3532,3533img,1
3533,3534img,1
3534,3535img,1
3535,3536img,0
3536,3537img,1
3537,3538img,1
3538,3539img,1
3539,3540img,1
3540,3541img,1
3541,3542img,1
3542,3543img,1
3543,3544img,1
3544,3545img,1
3545,3546img,1
3546,3547img,0
3547,3548img,0
3548,3549img,0
3549,3550img,0
3550,3551img,0
3551,3552img,0
3552,3553img,1
3553,3554img,0
3554,3555img,1
3555,3556img,1
3556,3557img,1
3557,3558img,1
3558,3559img,1
3559,3560img,1
3560,3561img,1
3561,3562img,1
3562,3563img,1
3563,3564img,1
3564,3565img,0
3565,3566img,0
3566,3567img,1
3567,3568img,1
3568,3569img,0
3569,3570img,1
3570,3571img,1
3571,3572img,1
3572,3573img,1
3573,3574img,0
3574,3575img,1
3575,3576img,1
3576,3577img,1
3577,3578img,1
3578,3579img,1
3579,3580img,1
3580,3581img,0
3581,3582img,1
3582,3583img,1
3583,3584img,1
3584,3585img,1
3585,3586img,1
3586,3587img,1
3587,3588img,1
3588,3589img,1
3589,3590img,1
3590,3591img,0
3591,3592img,1
3592,3593img,1
3593,3594img,1
3594,3595img,1
3595,3596img,0
3596,3597img,1
3597,3598img,1
3598,3599img,1
3599,3600img,1
3600,3601img,0
3601,3602img,0
3602,3603img,0
3603,3604img,0
3604,3605img,0
3605,3606img,1
3606,3607img,1
3607,3608img,1
3608,3609img,1
3609,3610img,1
3610,3611img,1
3611,3612img,1
3612,3613img,1
3613,3614img,1
3614,3615img,1
3615,3616img,0
3616,3617img,1
3617,3618img,1
3618,3619img,0
3619,3620img,0
3620,3621img,0
3621,3622img,0
3622,3623img,1
3623,3624img,1
3624,3625img,1
3625,3626img,1
3626,3627img,1
3627,3628img,1
3628,3629img,0
3629,3630img,0
3630,3631img,0
3631,3632img,0
3632,3633img,0
3633,3634img,1
3634,3635img,1
3635,3636img,1
3636,3637img,1
3637,3638img,1
3638,3639img,1
3639,3640img,1
3640,3641img,1
3641,3642img,1
3642,3643img,1
3643,3644img,1
3644,3645img,1
3645,3646img,1
3646,3647img,1
3647,3648img,1
3648,3649img,1
3649,3650img,1
3650,3651img,0
3651,3652img,1
3652,3653img,1
3653,3654img,1
3654,3655img,1
3655,3656img,1
3656,3657img,1
3657,3658img,1
3658,3659img,0
3659,3660img,0
3660,3661img,1
3661,3662img,1
3662,3663img,0
3663,3664img,0
3664,3665img,0
3665,3666img,1
3666,3667img,1
3667,3668img,0
3668,3669img,0
3669,3670img,0
3670,3671img,1
3671,3672img,1
3672,3673img,1
3673,3674img,1
3674,3675img,1
3675,3676img,1
3676,3677img,1
3677,3678img,0
3678,3679img,0
3679,3680img,1
3680,3681img,0
3681,3682img,0
3682,3683img,0
3683,3684img,1
3684,3685img,1
3685,3686img,1
3686,3687img,0
3687,3688img,1
3688,3689img,1
3689,3690img,1
3690,3691img,1
3691,3692img,1
3692,3693img,1
3693,3694img,1
3694,3695img,1
3695,3696img,1
3696,3697img,1
3697,3698img,1
3698,3699img,0
3699,3700img,1
3700,3701img,1
3701,3702img,1
3702,3703img,0
3703,3704img,0
3704,3705img,0
3705,3706img,0
3706,3707img,0
3707,3708img,0
3708,3709img,0
3709,3710img,0
3710,3711img,0
3711,3712img,0
3712,3713img,1
3713,3714img,1
3714,3715img,0
3715,3716img,0
3716,3717img,0
3717,3718img,0
3718,3719img,0
3719,3720img,1
3720,3721img,1
3721,3722img,1
3722,3723img,1
3723,3724img,0
3724,3725img,1
3725,3726img,1
3726,3727img,0
3727,3728img,1
3728,3729img,1
3729,3730img,1
3730,3731img,1
3731,3732img,0
3732,3733img,1
3733,3734img,1
3734,3735img,1
3735,3736img,1
3736,3737img,1
3737,3738img,0
3738,3739img,1
3739,3740img,1
3740,3741img,1
3741,3742img,0
3742,3743img,1
3743,3744img,1
3744,3745img,0
3745,3746img,0
3746,3747img,0
3747,3748img,0
3748,3749img,0
3749,3750img,1
3750,3751img,0
3751,3752img,0
3752,3753img,0
3753,3754img,0
3754,3755img,0
3755,3756img,0
3756,3757img,0
3757,3758img,1
3758,3759img,1
3759,3760img,1
3760,3761img,1
3761,3762img,1
3762,3763img,1
3763,3764img,1
3764,3765img,1
3765,3766img,0
3766,3767img,0
3767,3768img,0
3768,3769img,0
3769,3770img,0
3770,3771img,0
3771,3772img,1
3772,3773img,0
3773,3774img,1
3774,3775img,1
3775,3776img,1
3776,3777img,0
3777,3778img,1
3778,3779img,0
3779,3780img,0
3780,3781img,0
3781,3782img,0
3782,3783img,0
3783,3784img,0
3784,3785img,0
3785,3786img,0
3786,3787img,1
3787,3788img,0
3788,3789img,1
3789,3790img,1
3790,3791img,1
3791,3792img,1
3792,3793img,0
3793,3794img,0
3794,3795img,0
3795,3796img,0
3796,3797img,1
3797,3798img,0
